day,time,transactions,avg_bill,avg_tip_pct,total_revenue
Thur,Lunch,61,17.664754098360653,16.130073601617106,1246.3799999999999
Thur,Dinner,1,18.78,15.974440894568689,21.78
Fri,Lunch,7,12.845714285714285,18.876488829484337,106.6
Fri,Dinner,12,19.663333333333334,15.891611065601625,271.24
Sat,Lunch,0,,,0.0
Sat,Dinner,87,20.44137931034483,15.315171638777818,2038.8
Sun,Lunch,0,,,0.0
Sun,Dinner,76,21.41,16.689728635113465,1874.55
